id,name,provider,pricing,org_owner_id,technical_manager_id,approvers_group,status,critical_system,safety_assessment,hash_string,is_current,created_at,updated_at
ITSM-129603,2Clix,,,,,,,false,HOMOLOGADO,fc132e15dfb3e837b19033119bc944c13de043c63591614e240503f22028a98f,true,2025-06-17 17:04:48.893000 UTC,2025-06-17 17:04:48.893000 UTC
ITSM-133492,ArgoCD,,,,,,,true,,86f169cce9c31c0ea30d4be968900f892e2b91769b3c6c96ab7aab341e6fb526,true,2025-10-14 18:03:36.743000 UTC,2025-10-14 18:03:36.743000 UTC
ITSM-54846,Articulate 360,,,,,,,false,HOMOLOGADO,fa6e918ac7828c8c522e66430aedc841123deac5afa73a57c961b7b2face095b,true,2024-07-31 13:11:44.737000 UTC,2024-07-31 13:11:44.738000 UTC
ITSM-50285,Atera,,,,,,ATIVO,false,HOMOLOGADO,d8fe23399fff8fd9568690e74804b8f054060fc1781de15f9a802da3fa036617,true,2024-05-02 15:29:09.603000 UTC,2024-06-11 14:02:28.627000 UTC
ITSM-133475,AtlasGo,,,,,,,true,,85db243bd5749f1c87b6ad0a3a0ad9e20cd97fb31eca25fd5f95af9dff932c92,true,2025-10-14 18:03:36.738000 UTC,2025-10-14 18:03:36.738000 UTC
ITSM-118514,Avalara Brasil,,,,,,,false,HOMOLOGADO,c9467ded48cbfb5609e738eeae4fe5515ae3df98e38c145c11bb540542922673,true,2025-04-24 13:34:27.021000 UTC,2025-04-24 13:34:27.022000 UTC
ITSM-133487,AWS Cloud,Amazon,,,,,,true,,ed0bd608cbc1660217b14ff269eb8ac1d3ef22eb26451234cd00f23876ba3577,true,2025-10-14 18:03:36.742000 UTC,2025-10-14 18:03:36.742000 UTC
ITSM-133488,Cloud AMQP,,,,,,,true,,254b698d052762143e7a3c29b7c4f511f7744b4adfc1e96bb47bd1a56135de3e,true,2025-10-14 18:03:36.742000 UTC,2025-10-14 18:03:36.742000 UTC
ITSM-136231,COB 360,,,,,,,false,HOMOLOGADO,16d71ff8d83635d4c918a7d097110e45ecad19eed30d84d6c2f578c82084ba8f,true,2025-12-22 12:12:47.175000 UTC,2025-12-22 12:12:47.175000 UTC
ITSM-133489,Credlink,Credilink,,,,,,true,,4df2c984b9063d478b32af0a64f0b0185f3ce3fadf5aaefb372b5a3d99f50725,true,2025-10-14 18:03:36.742000 UTC,2025-10-14 18:03:36.742000 UTC
ITSM-134649,Cursor,,,,,,,false,,5c5f6a0a3031d101c9f694cbc4671c4ab2772c9c434124ad5ac48c956b0e3823,true,2025-11-27 17:26:42.875000 UTC,2025-11-27 17:26:42.875000 UTC
ITSM-118289,DAST Burp Suite Enterprise Edition,,,,,,,false,HOMOLOGADO,87f3d425e6f57abd34a4feea718c7316422061961e9fcc445a7ac12ec9609605,true,2025-04-23 12:45:02.660000 UTC,2025-04-23 12:45:02.661000 UTC
ITSM-123377,DigAI,,,,,,,false,HOMOLOGADO,65ea067b5f38a764b84fff60035ffbdc63ead1d6c5cf9d7fc37f3ff9c1c7fd8d,true,2025-05-16 12:46:06.170000 UTC,2025-05-16 12:46:06.170000 UTC
ITSM-36999,FileZilla,,,,,,ATIVO,false,HOMOLOGADO,f342356c844add973afa3775b3538a31fe4c99526614c4066f73f3ee84141725,true,2023-07-17 17:10:47.357000 UTC,2024-06-11 14:02:29.174000 UTC
ITSM-54850,Genially,,,,,,,false,HOMOLOGADO,44c3307f549a8ac29253b1f674bd5ee7fdc0a1b9103f8322c94799df1ac54012,true,2024-07-31 17:42:32.832000 UTC,2024-07-31 17:42:32.832000 UTC
ITSM-129689,Gentrop,,,,,,,false,HOMOLOGADO,338e426049199f248d96a97e848e668b5dfeb38dca3a1d69258f3d4c42a44e10,true,2025-07-07 17:32:32.150000 UTC,2025-07-07 17:32:32.150000 UTC
ITSM-133476,Grafana,,,,,,,true,,e79fe8bdfd5d4db1bd1cfcf8dbd666251410a08b5c5b77d1b2a2a079a1730894,true,2025-10-14 18:03:36.739000 UTC,2025-10-14 18:03:36.739000 UTC
ITSM-132468,HackerOne,,,,,,,false,HOMOLOGADO,c8b88af80aa391cf66ba70cd301b99140441624fe5b9d51cf632c51ee7e4dc7c,true,2025-09-23 17:59:52.581000 UTC,2025-09-23 17:59:52.581000 UTC
ITSM-136279,HST,,,,,,,false,HOMOLOGADO,0286ad5502b863a7658cc78e712d6480746d480e4a2b1b247b4abf51e8b7c82b,true,2025-12-26 15:13:34.727000 UTC,2025-12-26 15:13:34.727000 UTC
ITSM-102537,JetBrains,,,,,,,false,HOMOLOGADO,98f1466a9736f43900bce67391f117ce68913988354bcb115a78eda4e30c333c,true,2025-03-18 12:52:20.655000 UTC,2025-03-18 12:52:20.655000 UTC
ITSM-133494,Keeps Unlock,Keeps,,,OR-22957,,,true,,a6c678165b0bdeaf4a0153ccdd932301a0b2a95e9d6d255fe06f9192b48c98ce,true,2025-10-14 18:03:36.743000 UTC,2025-10-14 18:03:36.743000 UTC
ITSM-133493,Linkedin Sales Navigator,Linkedin,,,OR-22957,,,true,,a5871604a23d1255e0d24cc2438684ef2d56d9de7aab98de41b446f6795306b9,true,2025-10-14 18:03:36.743000 UTC,2025-10-14 18:03:36.743000 UTC
ITSM-133477,Looker Enterprise,Google,,,,,,true,,42a8960ea79354af0e82c9617aeb42f27b3aef8d6e4015ffe56112257d6ec854,true,2025-10-14 18:03:36.739000 UTC,2025-10-14 18:03:36.739000 UTC
ITSM-134356,Lovable,,,,,,,false,HOMOLOGADO,4fac30cd880af1bd0e5796efdc3f1b3ed322c1db255103a79eaed11f50e3349c,true,2025-11-05 12:23:06.451000 UTC,2025-11-05 12:23:06.451000 UTC
ITSM-113490,MFT Axway,,,,,,,false,HOMOLOGADO,6445437a3ef2886d9c25cf0eee8cb308abb754ca9cc47b46b1b219012a69612e,true,2025-04-01 14:30:28.390000 UTC,2025-04-01 14:30:28.390000 UTC
ITSM-133478,Mobiliza,,,,,,,true,,62194b663e77cac1c848417e38da1d261c256522cf750ea5f54eec30d2a81d67,true,2025-10-14 18:03:36.739000 UTC,2025-10-14 18:03:36.739000 UTC
ITSM-133479,N8N,,,,,,,true,,6853fee3af0f0fabb1ba5c8c3166979a3b38d7388005a7e1d463036ca1ab13b7,true,2025-10-14 18:03:36.740000 UTC,2025-10-14 18:03:36.740000 UTC
ITSM-123374,Nicereply,,,,,,,false,HOMOLOGADO,179a97aac3734f78761dbe0322bef6bd3973916f0210c09be81cd91a6a064c9f,true,2025-05-16 12:29:46.872000 UTC,2025-05-16 12:29:46.872000 UTC
ITSM-129650,OwnID,,,,,,,false,HOMOLOGADO,4d91c992a5db0c621f2f360c00406be4cf0deace6db9ad1884f80a99789abb9f,true,2025-06-27 12:46:29.811000 UTC,2025-06-27 12:46:29.812000 UTC
ITSM-136228,PAG 360,,,,,,,false,HOMOLOGADO,7b5cb3eaf7228a6ccf1108b08af4d816fdebec0534ca6a998b81bc5792da0034,true,2025-12-22 12:12:39.336000 UTC,2025-12-22 12:12:39.336000 UTC
ITSM-115506,PDF4Net,,,,,,,false,HOMOLOGADO,4f70e7051ec39f8e69e2ac1c957f5d0cd3171b9e30ed8e95d114f1c5575f28b8,true,2025-04-10 11:17:57.812000 UTC,2025-04-10 11:17:57.813000 UTC
ITSM-115089,Pearson,,,,,,,false,HOMOLOGADO,499d5310e0585b87b53a37597706c9c0eba444b46694ead39a36d8a3e7413845,true,2025-04-08 17:16:57.645000 UTC,2025-04-08 17:16:57.645000 UTC
ITSM-134653,Shield,,,,,,,false,,9e2fa2b00059f18a92644ca151de5069ff8311cb71c33fbfc360b131683d0bd2,true,2025-11-27 17:28:28.210000 UTC,2025-11-27 17:28:28.210000 UTC
ITSM-132432,Slido,,,,,,,false,HOMOLOGADO,093ca30a95ab8ad7b1dca970fb5d3c520c3bcabe1d74a5913f042b619c876fc0,true,2025-09-17 18:31:50.541000 UTC,2025-09-17 18:31:50.541000 UTC
ITSM-54853,Synthesia.io,,,,,,,false,HOMOLOGADO,c97e27a713a65140b04af7c0d9989ad598977248055ab5ba85d8bf427a80f262,true,2024-07-31 18:40:00.062000 UTC,2024-07-31 18:40:00.062000 UTC
ITSM-101582,Tines,,,,,,,false,HOMOLOGADO,05da249dc8f6e6b170f03b9e4cb3d5ad7a1719e13fc268d677498f2a6095076b,true,2025-03-14 13:18:32.377000 UTC,2025-03-14 13:18:32.377000 UTC
ITSM-99598,UCS Explorer,,,,,,,false,HOMOLOGADO,91d6ec551112a497b5a9ae3f084e30142e636094a8dbc3f795a9e073c1692bf7,true,2025-03-06 11:58:04.317000 UTC,2025-03-06 11:58:04.317000 UTC
ITSM-133481,Unico Auto,Unico,,,,,,true,,df045471173bbfdfa1c1a02655110f8d46f419cfe0d60206025b91e39c071b16,true,2025-10-14 18:03:36.740000 UTC,2025-10-14 18:03:36.740000 UTC
ITSM-133482,Unico Bioanálise,Unico,,,,,,true,,81df5c37ffd8e8766ff45e04f45b4238312724d8b2403be32639afed3b2e340b,true,2025-10-14 18:03:36.740000 UTC,2025-10-14 18:03:36.740000 UTC
ITSM-133483,Unico Check,Unico,,,,,,true,,d5017405fcdf9612becc7c5ed35fdcc44b7e1e1ea546fa35c82fa129516043ea,true,2025-10-14 18:03:36.741000 UTC,2025-10-14 18:03:36.741000 UTC
ITSM-133484,Unico Doc,Unico,,,,,,true,,364f600d54e3a06d7b50331ded38b873a551b1ec06e9261ebcb530e3a39d5882,true,2025-10-14 18:03:36.741000 UTC,2025-10-14 18:03:36.741000 UTC
ITSM-133485,Unico Sign,Unico,,,,,,true,,4337ee6e534ee553a33a09fac300f7a311eacb0bca1fdc4e2efb0ba6801efdfc,true,2025-10-14 18:03:36.741000 UTC,2025-10-14 18:03:36.741000 UTC
ITSM-133486,Unico Skill,Unico,,,,,,true,,c972f19be127479ab513ebc0f031197eb564aa26a4d1db8d2552a15b21428c42,true,2025-10-14 18:03:36.741000 UTC,2025-10-14 18:03:36.741000 UTC
ITSM-102830,User Guiding,,,,,,,false,HOMOLOGADO,6a01936ce20cf31dd5f58483770ccab08b8b7a16b54ae357802dcd8300674ee0,true,2025-03-19 17:41:41.131000 UTC,2025-03-19 17:41:41.131000 UTC
ITSM-133480,UTPSec,,,,,,,true,,ed8232324c3cfc4ece874cd7cc5d2d69477dd6a62df4fcb0472fd71e7a4642b4,true,2025-10-14 18:03:36.740000 UTC,2025-10-14 18:03:36.740000 UTC
ITSM-133490,Vision - Revisao de Acessos,,,,OR-27687,,,true,,a5d072ddf600fa84b1d7ed3dda38216b036cb6a925ca8b1f61ce6dd6ad37f2ef,true,2025-10-14 18:03:36.742000 UTC,2025-10-14 18:03:36.742000 UTC
ITSM-101410,WAF Cloudflare,,,,,,,false,HOMOLOGADO,21f39b095ee5e8a2bcc26cdf17cceee700175caa7cd2aee39c35f03cbe82347f,true,2025-03-13 18:50:34.540000 UTC,2025-03-13 18:50:34.540000 UTC
ITSM-134652,Webdox,,,,,,,false,,b303c607a00fe0b6eaecfdc1f090c32aa622b5c3fc405f5aecdacdf0eaee27f4,true,2025-11-27 17:28:09.448000 UTC,2025-11-27 17:28:09.448000 UTC
ITSM-132465,Webdox CLM,,,,,,,false,HOMOLOGADO,ea7b9645daa01b10b527ebaa34182c0548a18680494a8621f4e06f5c8e95c093,true,2025-09-22 19:05:46.598000 UTC,2025-09-22 19:05:46.598000 UTC
ITSM-113532,Weduka,,,,,,,false,HOMOLOGADO,db5c87fb66f7cf7eda77bc02057f6e9ddd01e174093c9982c8f5beb10062ca90,true,2025-04-01 18:01:15.115000 UTC,2025-04-01 18:01:15.115000 UTC
ITSM-137001,Pipedrive,,,,,,,false,HOMOLOGADO,93ea67283eb233ec1d70c04f227cd6b8bafa3d0acc84447bbf488150e34b6924,true,2026-02-05 13:46:27.315000 UTC,2026-02-05 13:46:27.315000 UTC
ITSM-129831,Arxan | Leadcomm,,,OR-119854,OR-22312,,ATIVO,false,,aab1bd75a5055a5472599d6431b15c5339704be9c43b86fe5a87e65b8146371e,true,2025-07-31 14:02:35.121000 UTC,2025-07-31 14:02:35.121000 UTC
ITSM-136280,HST,,,OR-122836,OR-85062,,ATIVO,false,,07b08a57de7f70acb3f1f78ff9a3b745faa808560ce1f3a73dfbaf87a8fe87df,true,2025-12-26 15:13:38.436000 UTC,2025-12-26 15:13:38.436000 UTC
ITSM-136232,COB 360,,,OR-129766,OR-36966,,ATIVO,false,,39c71593bb10f6ec2f61b66bffa0bbf8ce0a8b82a69469e547d2c31a3a95a6e5,true,2025-12-22 12:12:51.117000 UTC,2025-12-22 12:12:51.117000 UTC
ITSM-136229,PAG 360,,,OR-129766,OR-36966,,ATIVO,false,,c0106c2e191df286f3dcdf8fe7200aed2e21688173627ec4320e47f5062d82a1,true,2025-12-22 12:12:43.318000 UTC,2025-12-22 12:12:43.318000 UTC
ITSM-136192,Brave,,,OR-48631,OR-129852,,INATIVO,false,,445fb389da16cbded9fdf0d0e2095ef4641056e1a7a5bff779d0ee3fdc07fd83,true,2025-12-18 13:58:49.027000 UTC,2025-12-18 14:37:18.226000 UTC
ITSM-32502,Mixpanel - Analytics,MIXPANEL INC,,OR-48642,OR-22773,[APR][IAM] Mixpanel,ATIVO,true,HOMOLOGADO,a29f59818d48aa68a4ff2de988da520921285203dd5340a8b85b4ee85ed721ff,true,2023-05-23 16:30:49.149000 UTC,2024-06-11 19:24:08.775000 UTC
ITSM-32583,Twilio Segment,SEGMENT IO INC,,OR-48642,OR-40269,[APR][IAM] Segment,ATIVO,true,HOMOLOGADO,a686ed21faab8d0c02ff8a1af7dea76f9fde403db4f9b19e13e3ad2199f96a37,true,2023-05-23 16:30:50.814000 UTC,2024-06-11 19:24:09.334000 UTC
ITSM-32397,Clarity,,,OR-48644,OR-27743,,ATIVO,true,HOMOLOGADO,1b7f2d1af08fcac1dbb0d82e64deb01b833cfa43a28514d9a6a91b5bcd602ded,true,2023-05-23 16:30:46.950000 UTC,2024-06-11 13:57:06.025000 UTC
ITSM-32597,Vault Self Managment,HASHICORP,,OR-48644,OR-22458,,ATIVO,true,HOMOLOGADO,c59be40a0809647fe7e646e9b6343a493069e9fa2ec7a6e1366bbbdee0d9b2db,true,2023-05-23 16:30:51.123000 UTC,2024-06-11 19:39:05.728000 UTC
ITSM-60663,ExpetLockers,,,OR-48646,OR-22234,,ATIVO,false,,20e07434313b3c9badf77260f48c27d2caad61473bd8f741e22c44ede3f25345,true,2024-10-25 22:30:42.851000 UTC,2024-10-25 22:30:42.851000 UTC
ITSM-72503,Logi options+,,,OR-48647,OR-40360,,ATIVO,false,,e3c9d1c29b25893a06f0d8a5fe81890c9a34685752b5b0fa5d9387cfb82fb78e,true,2024-12-02 17:59:31.174000 UTC,2024-12-02 17:59:31.175000 UTC
ITSM-133644,ANYDESK,ANYDESK ,,OR-48648,OR-31792,,ATIVO,false,,cf29ee247b65fec504a9bbbac96cf955999f9d1d4b87a6910c336afd66d89639,true,2025-10-17 14:34:27.935000 UTC,2025-10-29 18:04:05.891000 UTC
ITSM-133645,VMWare,VMWare,,OR-48648,OR-31792,,ATIVO,false,,609d89c8f19911fa9ae2e1b52c83feb6eea0df5f2d2cca1cea31cee71a7dd912,true,2025-10-17 14:45:25.698000 UTC,2025-10-29 18:04:56.388000 UTC
ITSM-129604,2Clix,,,OR-48650,OR-40422,,ATIVO,false,,fd948bc91e0ee87ce061342930beac3dd5f81cccf831587c901b5992f20d88a8,true,2025-06-17 17:04:51.228000 UTC,2025-06-17 17:04:51.228000 UTC
ITSM-134646,InHire,,,OR-48660,,,ATIVO,false,,8d7310871736785e456919c51e083ede61a0e9bccc1a70e115dc626f984995be,true,2025-11-27 17:24:24.035000 UTC,2025-11-27 17:24:24.035000 UTC
ITSM-32380,Benflex,,,OR-48674,OR-22957,,ATIVO,true,HOMOLOGADO,80f6a0a62089d80bd0ebd501fb219f6a195edd2a4a8aec93bc6f1be3ad4d5ad1,true,2023-05-23 16:30:46.572000 UTC,2024-05-27 18:22:57.672000 UTC
ITSM-85679,Onefacture,,,OR-48679,OR-21937,,ATIVO,false,,67e5b4f79dfddc4d257bce85dceb1f027e09cb361b93154c1d6f1cd356977e4f,true,2025-01-23 17:44:19.748000 UTC,2025-01-23 17:44:19.749000 UTC
ITSM-60505,Thinkcell,,,OR-48679,OR-21937,,ATIVO,false,,e961e06c617317d5406f9b8ef3d1e00fd39676cc315acc24ca1b169077a5aa3c,true,2024-10-22 19:29:04.770000 UTC,2024-10-22 19:29:04.770000 UTC
ITSM-128175,GRRF - FGTS,,,OR-48681,OR-53740,,ATIVO,false,,47b6207b17312f9aae5955ed2ae6e64b8f7ad75983acfd6a15fa393971dd2c34,true,2025-06-03 18:01:12.335000 UTC,2025-06-03 18:01:12.335000 UTC
ITSM-129728,SafeWeb - Certificado Digital,,,OR-48681,OR-53740,,ATIVO,false,,96740dd618dfe1e945aa95420ebfc2c130497996178fd747aaac88d6ba72e259,true,2025-07-14 19:40:28.407000 UTC,2025-07-14 19:40:28.407000 UTC
ITSM-133491,HoopDev,Hoopdev,,OR-48685,OR-22590,,,true,,a75ec263deef830451a60342088cde5910e7cd21b19e05118e5350cbebf25efb,true,2025-10-14 18:03:36.742000 UTC,2025-10-29 18:08:39.738000 UTC
ITSM-133643,Unico Identity,Unico,,OR-48685,OR-22590,,ATIVO,true,,0cc69209abf8f36e0b5bebbb5bef9b20411da73be30f345e8a89387235e9a35d,true,2025-10-16 20:54:27.096000 UTC,2025-10-29 18:08:39.939000 UTC
ITSM-32571,Splunk,Splunk Inc.,,OR-48686,OR-22741,,ATIVO,true,HOMOLOGADO,0fce0ecbef61b41e8fba71dcb085c4023e634bfc5759f0a4a669c561b822a149,true,2023-05-23 16:30:50.550000 UTC,2024-06-11 19:24:09.205000 UTC
ITSM-32459,Hubspot,HUBSPOT INC,,OR-48688,OR-22547,[APR][IAM] Hubspot,ATIVO,true,HOMOLOGADO,719f336c4e02ec4fcd57294bab2cd446f9ffc10a8c6d9e67bfdfe9143c418e30,true,2023-05-23 16:30:48.280000 UTC,2024-06-11 19:24:08.548000 UTC
ITSM-59986,ACL Analytics,,,OR-48752,OR-30917,,ATIVO,false,HOMOLOGADO,53310570ccd068fbd252763b3451ab58f1125ef63ddcc5eab06762e3e1211228,true,2024-10-01 18:51:49.412000 UTC,2024-10-15 14:35:08.299000 UTC
ITSM-93225,Arbutus Analytics | Analyzer,,,OR-48752,OR-30917,,ATIVO,false,,7ca567d5be0609e46d64ab2ddb72e955cc80b1cf0e4055a370734effa065465f,true,2025-02-21 13:11:45.270000 UTC,2025-02-21 13:11:45.271000 UTC
ITSM-32383,Braze,POLYMATHS TECH LLC,,OR-48754,OR-21942,,ATIVO,true,HOMOLOGADO,6fb8865f9bcad17c7369652f5c767574945b3d385bee087603aea84d8b41f64e,true,2023-05-23 16:30:46.645000 UTC,2024-06-11 19:24:07.669000 UTC
ITSM-126882,Airbyte,,,OR-48766,OR-22388,,ATIVO,false,,d421518e41791df1c607c7758e44226b7d6469f3bb221f3988da9d2c9e91952a,true,2025-05-28 12:59:11.488000 UTC,2025-05-28 12:59:11.488000 UTC
ITSM-75998,Deskbee,,,OR-48766,OR-22388,,ATIVO,false,,56b2610903ba9224227b803e827fe0bea4fd8035b4e6fc426b33d2a19d3b0ef9,true,2024-12-16 18:54:24.778000 UTC,2024-12-16 18:54:24.778000 UTC
ITSM-93018,DIRF,,,OR-48773,OR-53740,,ATIVO,false,,f437a7a4f3b88008b1934fed0705d3d40935a3e4e0beafae9ffc050a1b790b56,true,2025-02-20 17:58:11.038000 UTC,2025-02-20 17:58:11.038000 UTC
ITSM-101581,OpenAI,OpenAI,,OR-48794,OR-22451,,ATIVO,false,,cfa723862a21b1f7cadd04e5077d17075587abb1b42ad69285565b31f0a73786,true,2025-03-14 12:56:02.730000 UTC,2025-03-14 12:56:02.731000 UTC
ITSM-123378,DigAI,,,OR-48813,OR-22957,,ATIVO,false,,c95efae926a6ccb0cbcd50eef473700ccaa202f99b2e76727471eea656a8e845,true,2025-05-16 12:46:08.421000 UTC,2025-05-16 12:46:08.421000 UTC
ITSM-82036,Google Drive,,,OR-48814,OR-22160,,ATIVO,false,,8ea9af6b3531580a75ff5a7201e6e4e73b172a158e2e715a1b4ebbcaa4458d42,true,2025-01-10 13:08:50.870000 UTC,2025-01-10 13:08:50.870000 UTC
ITSM-92768,https://cursor.com,,,OR-48818,OR-22324,,ATIVO,false,,9a8f7724282148550f5e9f70fc1044a567aa6de3e2e9b281958010d5eeacaba0,true,2025-02-19 16:52:59.750000 UTC,2025-02-19 16:52:59.750000 UTC
ITSM-129690,Gentrop,,,OR-48837,OR-22741,,ATIVO,false,,ce0803a9b38b9fd341f5dd09a93cdd32ff9342b6949a9427fc7920b77feb4aa0,true,2025-07-07 17:32:34.711000 UTC,2025-07-07 17:32:34.711000 UTC
ITSM-123375,Nicereply,,,OR-48846,OR-22297,,ATIVO,false,,4c0e9b191a7b3e9c7605c94fdf3915038b79875c887f93643b52cd197f227a26,true,2025-05-16 12:29:49.568000 UTC,2025-05-16 12:29:49.568000 UTC
ITSM-83190,Plataforma Web - Track.co,,,OR-48846,OR-22297,,ATIVO,false,HOMOLOGADO,fd0ef7ee7b2b16942f0b27a3565a1c5e96d334c4264a632d0a509c84558ecf67,true,2025-01-14 00:04:13.112000 UTC,2025-01-21 13:53:15.720000 UTC
ITSM-98318,Itaú Cartões,,,OR-48847,OR-22315,,ATIVO,false,,67dbe15419209190cb94faba3748089f69886608beb772d12597cf43db47bfb4,true,2025-02-28 18:59:03.491000 UTC,2025-02-28 18:59:03.491000 UTC
ITSM-60234,Aha Slides,,,OR-48848,OR-27713,,ATIVO,false,HOMOLOGADO,ca9165a891c5b9d13f669929afba8cc3b3f18ea573b87b2f1825c421055c4366,true,2024-10-11 14:02:04.394000 UTC,2024-10-17 14:21:17.312000 UTC
ITSM-51790,Chronicle,Google,,OR-48851,OR-22741,,ATIVO,true,HOMOLOGADO,18622e96f912a94165e3f237e34a238fb6bc8d08293d0a2dd6db3faf190fae10,true,2024-05-28 20:43:00.170000 UTC,2024-06-11 13:57:05.945000 UTC
ITSM-56335,Iframe Resizer,,,OR-48902,OR-22671,,ATIVO,false,,0af8dec92dfddec64433f686b6d3354a1d7fa1f4925f685c4d088ae5416ea31a,true,2024-09-19 15:51:27.278000 UTC,2024-09-19 15:51:27.278000 UTC
ITSM-58914,Certificado SSL ICP-Brasil V10,,,OR-48904,OR-22706,,ATIVO,false,HOMOLOGADO,557e76d954410174a136475248f56f2229adb7128d9bda97a5e009d8355ac002,true,2024-09-24 19:17:29.121000 UTC,2024-09-24 19:27:38.412000 UTC
ITSM-32560,Sendgrid,,,OR-51811,OR-28229,[APR][IAM] Sendgrid,ATIVO,true,HOMOLOGADO,a481277c9c204040bcf528ee7ef330979ac1d9ea4e942caf8b38b8db12a402bd,true,2023-05-23 16:30:50.308000 UTC,2024-06-13 23:03:12.660000 UTC
ITSM-60057,Speechify,,,OR-52019,OR-21979,,ATIVO,false,,a21449cda8b30394f7707b388e971a85c3eb6b2b5e1a42abe7f9801307c4e238,true,2024-10-04 17:01:05.556000 UTC,2024-10-04 17:01:05.556000 UTC
ITSM-60215,Monitory,,,OR-52059,OR-22218,,ATIVO,false,HOMOLOGADO,0685b62c29c3f40aa9a1ccc8fb35d997798133b0a9bcc8d2f74abee507ca7da8,true,2024-10-08 12:29:02.357000 UTC,2024-10-31 13:00:08.175000 UTC
ITSM-99599,UCS Explorer,,,OR-52059,OR-22218,,ATIVO,false,,056bd84186e68a29bc56a54e3969453e5b91851e589e163c0d5a1f1721ba1fc8,true,2025-03-06 11:58:06.891000 UTC,2025-03-06 11:58:06.891000 UTC
ITSM-54925,1C Accounting,,,OR-52826,OR-22185,,ATIVO,false,,8936222b54a2a8ef3dd546deaa8e3813eaba9c46027f579cdfb19c284618fb1c,true,2024-08-14 14:27:42.055000 UTC,2024-08-14 14:27:42.056000 UTC
ITSM-60530,Tumar,,,OR-52826,OR-22185,,ATIVO,false,,63bbf0b42a8e6a57b2fe8fd891c1ccb45519fc119d0ad0050bff6cd82e3bc604,true,2024-10-25 12:11:31.384000 UTC,2024-10-25 12:11:31.384000 UTC
ITSM-129651,OwnID,,,OR-52842,OR-22235,,ATIVO,false,,0d14195476f4ad1797d6e4d8ec51637a74e9dadfd3b9ee7d23c9b41f526feaf2,true,2025-06-27 12:46:31.847000 UTC,2025-06-27 12:46:31.847000 UTC
ITSM-75196,Twilio (a pedidos do Felipe Ferreira),,,OR-52842,OR-22235,,ATIVO,false,,5c8fba2a489063d559d02ac4f18edc0d0daff823be1cbc3c9ce0befff2eff543,true,2024-12-13 17:06:18.766000 UTC,2024-12-13 17:06:18.766000 UTC
ITSM-75975,Salesforce,,,OR-52867,OR-22453,,ATIVO,false,,fcfe63fed6e2ff555077003e955a8bc0a19699a6d80b0a417d2f546c40514488,true,2024-12-16 17:22:47.916000 UTC,2024-12-16 17:22:47.916000 UTC
ITSM-60230,Windows Linux Subsystem - WLS,,,OR-60221,OR-36966,,ATIVO,false,,9a7b0b6d53f34ecdd6f4f0a818708cf89eafe181bbe00b6f5cd81ed9b5bf7403,true,2024-10-10 15:56:46.734000 UTC,2024-10-10 15:56:46.734000 UTC
ITSM-92771,WhatsApp - iPhone,,,OR-64314,,,ATIVO,false,,41fce874db7f70ab5bfef454358fc444bd3d4c478d46896c27c35a104b855a64,true,2025-02-19 18:00:08.607000 UTC,2025-02-19 18:00:08.607000 UTC
ITSM-53789,Archi 5.3,,Gratuíto,,,,ATIVO,false,HOMOLOGADO,6bcf942aad5d5014792e5fede16782d012b16e77224c383575d7310fdd51a832,true,2024-07-11 12:18:55.131000 UTC,2024-07-11 12:18:55.132000 UTC
ITSM-102829,Atualização Java Assinador - Ecac,,Gratuíto,,,,,false,HOMOLOGADO,4cb5dac655d6c368f75497499a9d4de8821ed9ae2db9ccdfb5e8ce5f2b40fca4,true,2025-03-19 17:36:37.402000 UTC,2025-03-19 17:36:37.402000 UTC
ITSM-102390,CertiSign,,Gratuíto,,,,,false,HOMOLOGADO,44c43df63e358b70f3dde9fa04e97151a1f0cc253835497d1d2d52cf4aa13604,true,2025-03-17 20:35:18.401000 UTC,2025-03-17 20:35:18.401000 UTC
ITSM-32408,DBeaver 22.2.2,,Gratuíto,,,,ATIVO,true,HOMOLOGADO,a44f73adb7dd7020c417fface2efd07a9a0196ac4327e16f3b2a59708ef9af4a,true,2023-05-23 16:30:47.189000 UTC,2024-04-25 02:36:55.204000 UTC
ITSM-93017,DIRF,,Gratuíto,,,,,false,HOMOLOGADO,e1f1b76122918dc9d07652eed8096f80d033ed54437d9a44bbea2d69f8d4b818,true,2025-02-20 17:58:09.013000 UTC,2025-02-20 17:58:09.013000 UTC
ITSM-40201,Draw.io,,Gratuíto,,,,ATIVO,false,HOMOLOGADO,d4d0ae0f07af6f12887ac8d34ec058e2a0207fa68543479e78f16c2ed77e1d03,true,2023-11-22 17:17:50.318000 UTC,2024-04-25 02:36:55.509000 UTC
ITSM-32423,Evernote,Evernote Corporation,Gratuíto,,,,ATIVO,true,HOMOLOGADO,b155223080de7ee32ed182cede9533401b71d4dd795665e02a77dcdbaff811a0,true,2023-05-23 16:30:47.506000 UTC,2024-04-25 02:36:55.826000 UTC
ITSM-104703,Freeplane,,Gratuíto,,,,,false,HOMOLOGADO,fb38f2847c87d5e9e1cc211da383d3c47a983bc2e7dfb6f998997ed3c3a9be9f,true,2025-03-27 12:03:44.115000 UTC,2025-03-27 12:03:44.115000 UTC
ITSM-40585,Golang,,Gratuíto,,,,ATIVO,false,HOMOLOGADO,12d89b26adf769c07e634ec12410f62e6313d5aa1b0d986d156a6b93a22b5a5c,true,2024-02-19 19:52:19.512000 UTC,2024-04-25 02:36:56.403000 UTC
ITSM-32443,Google Chrome,Google,Gratuíto,,,,ATIVO,true,HOMOLOGADO,517931ab27892939af6ecbdb614f360c2f694649f98a7b66dca784cc61b1cb19,true,2023-05-23 16:30:47.934000 UTC,2024-04-25 02:36:56.433000 UTC
ITSM-128174,GRRF - FGTS,,Gratuíto,,,,,false,HOMOLOGADO,2a5e7ad6b5f5c1fd854ee5b55a846c676cb40db72ac609eb52690a171891af2d,true,2025-06-03 18:01:07.974000 UTC,2025-06-03 18:01:07.975000 UTC
ITSM-98317,Itaú Cartões,,Gratuíto,,,,,false,HOMOLOGADO,a64ac32f371bac393674c2175954f1feff4fdc4eeab910515ad7d02a18197fcf,true,2025-02-28 18:59:00.326000 UTC,2025-02-28 18:59:00.326000 UTC
ITSM-116468,Label Printer Brother QL-700,,Gratuíto,,,,,false,HOMOLOGADO,c13131a1b297fbf3a6eb4b58ada6d8f9c70281cbebee23ef3ea42845c41447db,true,2025-04-15 12:46:02.035000 UTC,2025-04-15 12:46:02.035000 UTC
ITSM-32491,Lightshot,,Gratuíto,,,,ATIVO,true,HOMOLOGADO,2805c5c896d9c0718cda57031c505056950dfe25798b1ab9ab45996a4289e8a8,true,2023-05-23 16:30:48.906000 UTC,2024-04-25 02:36:57.638000 UTC
ITSM-32505,MySQL Workbench,,Gratuíto,,,,ATIVO,true,HOMOLOGADO,8c392e7a21cbe3134701adad773984a67c0a3bb0e1901fd858f5b1b3608a5ef4,true,2023-05-23 16:30:49.190000 UTC,2024-04-25 02:36:57.892000 UTC
ITSM-32513,Notepad++,,Gratuíto,,,,ATIVO,true,HOMOLOGADO,adcdca31891e03cc7b301a143228b9f212ea8f1019b8e0c41c03af21eca12b6c,true,2023-05-23 16:30:49.356000 UTC,2024-04-25 02:36:58.008000 UTC
ITSM-32525,Phrase Express,,Gratuíto,,,,ATIVO,true,HOMOLOGADO,ba77c73c332c05b644043ba93405f6805f4d9d389ec9a7fe121054c97293f881,true,2023-05-23 16:30:49.619000 UTC,2024-04-25 02:36:58.264000 UTC
ITSM-100614,SafeDoc Capture,,Gratuíto,,,,,false,HOMOLOGADO,454c4e1f5935f32b0c137e2a6eaa37d85aa4454cb53f59d03fccd6601c8c03aa,true,2025-03-10 12:42:40.379000 UTC,2025-03-10 12:42:40.379000 UTC
ITSM-129727,SafeWeb - Certificado Digital,,Gratuíto,,,,,false,HOMOLOGADO,f2afeaf2351fea0f17d9f8de12d6fee8b03e888b8829e8c2bb2f4889431d18de,true,2025-07-14 19:40:25.854000 UTC,2025-07-14 19:40:25.854000 UTC
ITSM-53909,Sispag Itau,,Gratuíto,,,,,false,HOMOLOGADO,e2c7ad015f10ee29db85c7ccab23ab91ddfc2498c683c27520ee838b92da722c,true,2024-07-22 16:51:08.602000 UTC,2024-07-22 16:51:08.602000 UTC
ITSM-54841,Sped Contábil e Receitanet BX,,Gratuíto,,,,,false,HOMOLOGADO,2f441fccc4f9d545aab2525ec6298a64c7af0650d8e7972b80b4cff223be3916,true,2024-07-30 12:27:34.514000 UTC,2024-07-30 12:27:34.514000 UTC
ITSM-32574,Sublime Text 3,,Gratuíto,,,,ATIVO,true,HOMOLOGADO,d4e63aa0f5372ca4d96b5640c259ec634e800d6a63afe1c4f02764a6a3704a9f,true,2023-05-23 16:30:50.614000 UTC,2024-04-25 02:36:59.063000 UTC
ITSM-32600,Visual Studio Code,,Gratuíto,,,,ATIVO,true,HOMOLOGADO,9e5d40fdd3cea39340cc460c6057028b95d64dc24ad8d4efea2c909419a84657,true,2023-05-23 16:30:51.209000 UTC,2024-04-25 02:36:59.247000 UTC
ITSM-32602,WinMerge,,Gratuíto,,,,ATIVO,true,HOMOLOGADO,1b67d40d616ea1dd497a2aebfd5ff103e5a73f35354aa549a35e947e66669b03,true,2023-05-23 16:30:51.267000 UTC,2024-04-25 02:36:59.312000 UTC
ITSM-32603,WinSCP,,Gratuíto,,,,ATIVO,true,HOMOLOGADO,bb0877e6dfc2c3af93a6b2c35f631e10a7984163d93715db6acf8070a9344551,true,2023-05-23 16:30:51.290000 UTC,2024-04-25 02:36:59.342000 UTC
ITSM-32377,Atlantis,OpenSource,Gratuíto,OR-48644,OR-22752,,ATIVO,true,HOMOLOGADO,0500de90fdb05c3d6322204fb4246276d77fe057f2652e704d4b68f9f8f2b0cd,true,2023-05-23 16:30:46.509000 UTC,2024-06-28 18:33:54.107000 UTC
ITSM-32438,Git,,Gratuíto,OR-48644,OR-22752,,ATIVO,true,HOMOLOGADO,5abecf537e82e03c2e64c384cb2e383dec1b7d3510fbb880daa22d06030bc9ec,true,2023-05-23 16:30:47.820000 UTC,2024-04-25 02:37:01.541000 UTC
ITSM-32440,Github Desktop,"GitHub, Inc.",Gratuíto,OR-48644,OR-22752,,ATIVO,true,HOMOLOGADO,577c0fffef91679269b0ebee3ca517fa38922e7485263c46e394ea13d4cefd1b,true,2023-05-23 16:30:47.859000 UTC,2024-04-25 02:37:01.563000 UTC
ITSM-32471,Jenkins,,Gratuíto,OR-48644,OR-22844,[APR][IAM] Jenkins,ATIVO,true,HOMOLOGADO,da58ee0ddf2e518e2176b8a1c4800a230e492667bbb0fa12a2d39b6eaa187c71,true,2023-05-23 16:30:48.512000 UTC,2024-06-13 23:01:47.992000 UTC
ITSM-32483,Keycloak,,Gratuíto,OR-48644,OR-22533,,ATIVO,true,HOMOLOGADO,c92a04dc0cac5aa44a04ae631029bf2e9c463e263ba742cd476af541ea046b51,true,2023-05-23 16:30:48.748000 UTC,2024-06-28 18:33:55.457000 UTC
ITSM-32500,Microsoft SQL Server Management Studio 18,,Gratuíto,OR-48644,OR-22752,,ATIVO,true,HOMOLOGADO,107552f601ea239b3f460b0b90ffc3fd8fa14352f37aad8d0ef498eb5099e91c,true,2023-05-23 16:30:49.107000 UTC,2024-04-25 02:37:02.617000 UTC
ITSM-32570,Spinnaker,OpenSource,Gratuíto,OR-48644,OR-22966,,ATIVO,true,HOMOLOGADO,59ccf5b74cc804e8f874bd8aa7cc6208abee659e2dd98716f88f2c9901e66726,true,2023-05-23 16:30:50.524000 UTC,2024-06-11 19:24:09.160000 UTC
ITSM-32606,XCode,,Gratuíto,OR-48644,OR-22752,,ATIVO,true,HOMOLOGADO,77814c6986111b8808b8d1279eb337bd361ea9e57cce64e6d0e8df01866ee373,true,2023-05-23 16:30:51.361000 UTC,2024-04-25 02:37:04.055000 UTC
ITSM-32431,FortClient VPN,Fortinet Technologies Inc,Gratuíto,OR-48648,OR-31792,[APR][IAM] Aprovadores SAP,ATIVO,true,HOMOLOGADO,818dbdc0ea5131b8408b86384bf33cae2564ca4861df667bcc6aed99de8bff4e,true,2023-05-23 16:30:47.678000 UTC,2025-10-29 18:04:55.816000 UTC
ITSM-32604,WordPress,,Gratuíto,OR-48667,OR-22948,,ATIVO,true,HOMOLOGADO,b346fb78522b46c1f2a5e5d808bb6e15b4a43bfc19f9c672b8e5bc9353a0b8f0,true,2023-05-23 16:30:51.318000 UTC,2024-06-11 13:57:08.299000 UTC
ITSM-32466,Intranet,,Gratuíto,OR-48674,OR-22957,,ATIVO,true,HOMOLOGADO,fd7c6e2ae739f669af4c3d4aa66ca1cbac84c0127169c8d57659fa6b412444bb,true,2023-05-23 16:30:48.417000 UTC,2024-06-28 18:33:55.116000 UTC
ITSM-32553,SFDX - Salesforce CLI,,Gratuíto,OR-48674,OR-22765,,ATIVO,true,HOMOLOGADO,486f3d630ebc32783253aa690a5e0f3306c405d7566cfebf30ee2bfb73130eb8,true,2023-05-23 16:30:50.147000 UTC,2024-04-25 02:37:03.345000 UTC
ITSM-32354,7Zip,,Gratuíto,OR-48685,OR-22590,,ATIVO,true,HOMOLOGADO,40eedba9a2a96272a6d8b5f8d52c1e2a0f4dfb0e221c807058c9a2391a928455,true,2023-05-23 16:30:45.977000 UTC,2025-10-29 18:55:15.603000 UTC
ITSM-32607,Zabbix,,Gratuíto,OR-48685,OR-22590,,ATIVO,true,HOMOLOGADO,81411d01da9b8d122e41ff34b7452b843175a011c420b10f768a32d565a02c8e,true,2023-05-23 16:30:51.381000 UTC,2025-10-29 18:08:39.541000 UTC
ITSM-54961,Excalidraw,,Gratuíto,OR-48752,OR-30917,,ATIVO,false,HOMOLOGADO,6fde7c81c8bc74e0df23a9702f4f14e9ef34dea0dc07610b6f054fc3584fbcda,true,2024-08-20 21:10:36.021000 UTC,2024-08-23 18:05:24.634000 UTC
ITSM-38999,ONLYOFFICE,,Gratuíto,OR-48794,OR-22451,,ATIVO,false,HOMOLOGADO,73e56cc46d15c95083808877c69432ebe1f7dea9abc287eecfe0767356a24d34,true,2023-09-15 14:08:10.410000 UTC,2024-04-25 02:37:02.942000 UTC
ITSM-56018,Kipon,,Gratuíto,OR-48812,OR-22793,,ATIVO,false,HOMOLOGADO,6ef8bfe8ba30a17353ca76b340063666bd1eafca2273a436dc89de1d41308955,true,2024-08-26 21:48:54.195000 UTC,2024-08-29 18:18:46.583000 UTC
ITSM-60061,Microsoft Power Automate,,Gratuíto,OR-48814,OR-22160,,ATIVO,false,HOMOLOGADO,c268e938d3dbea6bfeea4fb3fa8cd1a87d58d3b92c46104f7734ece98be41f73,true,2024-10-07 16:42:12.638000 UTC,2024-10-16 18:47:58.448000 UTC
ITSM-78660,Winscp - Módulo Powershell,,Gratuíto,OR-48822,OR-40154,,ATIVO,false,HOMOLOGADO,b9a60cf3d225574c63946ff6db78e0f624ec7f66c534b9f95f93b783610748bb,true,2024-12-27 16:01:24.742000 UTC,2025-01-03 13:52:51.715000 UTC
ITSM-58867,Android Studio,,Gratuíto,OR-48823,OR-22832,,ATIVO,false,HOMOLOGADO,df883996062b3520ec8fb1f709fad5138da2a99b15a6af55c6f40db579f11dbf,true,2024-09-23 15:43:58.188000 UTC,2024-09-25 14:36:55.421000 UTC
ITSM-59245,Apollo.io,,Gratuíto,OR-48900,OR-40425,,ATIVO,false,HOMOLOGADO,b8a6527774681fa2aaf7158e1f0811513f70efde6da2967086205eaaeb6918a6,true,2024-09-27 17:41:17.872000 UTC,2024-10-15 13:06:36.195000 UTC
ITSM-81826,Itau Mailbox,,Gratuíto,OR-48904,OR-22706,,ATIVO,false,HOMOLOGADO,6a2c4294485da7738694660388aa4c24f4cc22e1123cb840231be9bc4f421928,true,2025-01-09 17:05:32.873000 UTC,2025-01-13 12:34:48.347000 UTC
ITSM-67396,BetterDisplay,,Gratuíto,OR-65801,OR-22919,,ATIVO,false,HOMOLOGADO,140f450dfe785fbebdb213943ddfcf5fdbf2b8f877f820c3704a3bfae969a82c,true,2024-11-18 17:02:19.592000 UTC,2025-01-03 14:33:46.531000 UTC
ITSM-126881,Airbyte,,Pago,,,,,false,HOMOLOGADO,a28a41c963a013f2dd9f41eabdadad1554b461006345c8268da67e8ea9d90e2a,true,2025-05-28 12:59:09.717000 UTC,2025-05-28 12:59:09.717000 UTC
ITSM-54954,API IB Solutions e Unlock,,Pago,,,,,false,HOMOLOGADO,f6c8b75473a25a6d2e5141304824e1fd242fa76c0b28d27ebf56834794aaf6d7,true,2024-08-20 18:16:42.757000 UTC,2024-08-20 18:16:42.757000 UTC
ITSM-93224,Arbutus Analytics | Analyzer,,Pago,,,,,false,HOMOLOGADO,d8989f13aec747500b5a489c1404ac99657db88ac7fa474b728f7643a24db787,true,2025-02-21 13:11:42.876000 UTC,2025-02-21 13:11:42.876000 UTC
ITSM-61830,ExpertLockers,,Pago,,,,,false,HOMOLOGADO,33299555aefaec35fcfcfbaebd3f10cefa8ab3a0f75c44b7914d2bfc5354054b,true,2024-10-30 17:22:28.113000 UTC,2024-10-30 17:22:28.113000 UTC
ITSM-58917,Fingerprint ADR,,Pago,,,,,false,HOMOLOGADO,489c7205a2b880fc14e52e7fb423beb20f980f7604ef2f763960329947c388dd,true,2024-09-25 11:31:42.048000 UTC,2024-09-25 11:31:42.048000 UTC
ITSM-54892,"Gestão de chatbots, visualização e conversas",,Pago,,,,,false,HOMOLOGADO,53cda6c28de0cead81ffb228e0f13d926cc671c351280ea2d9a480b62389d4fc,true,2024-08-08 12:34:22.253000 UTC,2024-08-08 12:34:22.253000 UTC
ITSM-40428,IB Solutions,IBPMS,Pago,,,,ATIVO,true,HOMOLOGADO,e043144bbfae618f7163d454f2d968bfd1a35882e6aba51e590e425f08ee97a4,true,2024-01-24 13:25:48.596000 UTC,2024-06-11 19:56:22.413000 UTC
ITSM-68846,IB Solutions - Módulo de Segurança da Informação,,Pago,,,,,false,HOMOLOGADO,d99b698432dc99a438a68239f0eb58836dc38a240e202b88cfe6f5604fad6f20,true,2024-11-21 17:24:37.170000 UTC,2024-11-21 17:24:37.170000 UTC
ITSM-103036,Metabase Pro (versão cloud),,Pago,,,,,false,HOMOLOGADO,0441335232d57d4870ffba466af6ad23769805d76c4f8cad16dd9dbef51bf6c8,true,2025-03-20 14:26:21.510000 UTC,2025-03-20 14:26:21.510000 UTC
ITSM-54848,Mixtra - Plataforma de Gestão de Emprestimo Consignado,,Pago,,,,,false,HOMOLOGADO,e070398fb48d722c2726ff7a1de787ca522d2d2d47aab311679640ad02b67f1a,true,2024-07-31 17:29:22.757000 UTC,2024-08-08 13:44:43.086000 UTC
ITSM-53788,PDFShit,,Pago,,,,,false,HOMOLOGADO,bb3a9362fa59a81cd70d75dd22409fe6ae0598427efc2c38380083c451da4c1e,true,2024-07-11 11:27:06.540000 UTC,2024-07-11 11:27:06.541000 UTC
ITSM-56039,Plataforma Neoway,,Pago,,,,,false,HOMOLOGADO,2ec23e816f88a7881cbb723de34592a8394f8f3528c92fd93e1ef72a9741cddf,true,2024-08-29 17:46:38.975000 UTC,2024-08-29 17:46:38.975000 UTC
ITSM-54901,SHOTCUT,,Pago,,,,,false,HOMOLOGADO,82ee43ca4e607c38e41158061f241e11ca2b56f78a411a3b561fcd2c4eb40b97,true,2024-08-08 18:01:45.363000 UTC,2024-08-08 18:01:45.363000 UTC
ITSM-113511,Swifteq,,Pago,,,,,false,HOMOLOGADO,464875b03d92819cffc39a5a25146d96085e44a224931b4eee9483cdc7654444,true,2025-04-01 17:38:28.438000 UTC,2025-04-01 17:38:28.438000 UTC
ITSM-53770,Tactiq,,Pago,,,,,false,HOMOLOGADO,4b65c54b7617528bf9f1cd8335ffd3d81349ef7eb38f5849d3faf6ebab4a1a68,true,2024-07-04 13:26:21.562000 UTC,2024-07-04 13:26:21.562000 UTC
ITSM-32580,Thinkcell,TARGETWARE INFORMÁTICA LTDA,Pago,,OR-22156,,ATIVO,true,HOMOLOGADO,2d99047573ac2c4e95a7cf36f6105697e6fbb13bafeb5614ed4e2f70e7c4a4e4,true,2023-05-23 16:30:50.767000 UTC,2024-10-31 17:56:40.958000 UTC
ITSM-32390,Callbox,L5 Networks,Pago,OR-48633,OR-22072,,ATIVO,true,HOMOLOGADO,60403d58918bae48209cc3ca5edff62c47f0ccb333a9e24daf7fe7a34f2b5492,true,2023-05-23 16:30:46.773000 UTC,2024-04-25 02:37:00.947000 UTC
ITSM-32611,Zendesk,,Pago,OR-48633,,,ATIVO,true,HOMOLOGADO,45a56c827b5c3caa18ca2e2afcad1625d0b33600d8d29aa5bfa5f14c2303ade7,true,2023-05-23 16:30:51.482000 UTC,2024-06-11 13:57:08.404000 UTC
ITSM-32419,EPM - Enterprise Performance Management,ORACLE DO BRASIL SISTEMAS LTDA,Pago,OR-48634,OR-22206,,ATIVO,true,HOMOLOGADO,55f67d17162b61051ec44e78ac6b5b968c30eb58316b6c5b9edadb42a19c64db,true,2023-05-23 16:30:47.411000 UTC,2024-06-11 13:57:06.327000 UTC
ITSM-51945,SAP,SAP,Pago,OR-48640,OR-21935,[APR][IAM] Aprovadores SAP,ATIVO,false,HOMOLOGADO,c3361203a7aa3ad72e571b3737cd2a37386e5d7a52b1155e4645b10f72e6e574,true,2024-06-07 14:15:56.293000 UTC,2024-06-13 23:02:53.632000 UTC
ITSM-32366,Airtable,,Pago,OR-48643,OR-22826,,ATIVO,true,HOMOLOGADO,fd248adb0ba79b2a2db2b0c373bbb72328477f76672fa0685047cfccf02c76d3,true,2023-05-23 16:30:46.278000 UTC,2024-04-25 02:37:00.459000 UTC
ITSM-32427,Figma Untitled UI,,Pago,OR-48643,OR-22826,,ATIVO,true,HOMOLOGADO,0ab09e2aa87e886af77ea05d7f7987853111cda8ad2c0c91e9dbf4359c32407d,true,2023-05-23 16:30:47.595000 UTC,2024-05-27 18:22:59.341000 UTC
ITSM-32488,LaunchDarkly,Catamorphic Co.,Pago,OR-48644,OR-22752,,ATIVO,true,HOMOLOGADO,d4c22459e7cb4ea239193dbe375d1cbae283ce174afac83a2622f96d26fbe466,true,2023-05-23 16:30:48.865000 UTC,2024-06-11 13:57:07.107000 UTC
ITSM-32498,Mailgun,"Mailgun Technologies, Inc.",Pago,OR-48644,OR-31479,[APR][IAM] Mailgun,ATIVO,true,HOMOLOGADO,01a3a0360c40b46eebf46177841e6236eb014e777b29bdeecf8e335ffd573e70,true,2023-05-23 16:30:49.066000 UTC,2024-06-11 13:57:07.323000 UTC
ITSM-32503,MongoDB Cloud,,Pago,OR-48644,OR-22844,[APR][IAM] MongoDB,ATIVO,true,HOMOLOGADO,fa9993dbedb2834f21b31eafd2d65d46a181a714bdbb84b77b726533bab301e7,true,2023-05-23 16:30:49.151000 UTC,2024-06-13 23:02:09.316000 UTC
ITSM-51960,MongoDB Gestor,,Pago,OR-48644,OR-22844,[APR][IAM] SRE,ATIVO,true,HOMOLOGADO,bd021596a8c99ef1f90b5e552de796d80984b331ee44beab527676f5ef2b83bf,true,2024-06-07 17:16:08.079000 UTC,2024-06-13 23:02:29.319000 UTC
ITSM-32511,New Relic,New Relic Inc.,Pago,OR-48644,OR-22752,[APR][IAM] New Relic,ATIVO,true,HOMOLOGADO,8c4cbdfb526a3b2c4d8505ccf0013eb8146140e2d2ff30532e3222b0cb756317,true,2023-05-23 16:30:49.312000 UTC,2024-06-11 19:24:08.911000 UTC
ITSM-32529,Postman,,Pago,OR-48644,OR-22752,,ATIVO,true,HOMOLOGADO,b656428577c96695d97f836993151bbafc8d0efeec7d1a1193011d5b9e1f3ba7,true,2023-05-23 16:30:49.718000 UTC,2024-04-25 02:37:03.147000 UTC
ITSM-53778,Syncplify Server,,Pago,OR-48644,OR-22061,,ATIVO,false,HOMOLOGADO,2bc477788fabb7a0d905f2e6773b68b95e58e0aa49feca0d0b0b0feadf1950a2,true,2024-07-05 21:41:24.051000 UTC,2024-07-05 21:42:44.673000 UTC
ITSM-72726,Voll Plataforma de Viagens,,Pago,OR-48646,OR-22234,,ATIVO,false,,ac0e22474ce41381e743fa090469335fa81f8e40cd0d3b179cf9d6c594aca6b1,true,2024-12-03 14:06:06.538000 UTC,2024-12-03 14:06:06.538000 UTC
ITSM-32614,Zoom,Zoom Video Communications Inc,Pago,OR-48648,OR-31792,,ATIVO,true,HOMOLOGADO,fffcccb466ab639be71954a880c5dfcfd05b0d29db377385aa2012d2fe4f4d26,true,2023-05-23 16:30:51.553000 UTC,2025-10-29 18:04:56.041000 UTC
ITSM-134645,Claude Code,,Pago,OR-48660,OR-22590,,ATIVO,false,,76951f2386f882a518be59bc1f7d7ea55404d3b8e06daaf874c218e5941c3ddb,true,2025-11-27 17:23:47.449000 UTC,2025-11-27 17:23:47.449000 UTC
ITSM-32479,Kahoot,KAHOOT ASA,Pago,OR-48667,OR-22958,,ATIVO,true,HOMOLOGADO,66c559240f4e6c6a4af9d6e53eae8d98c084dfd6189a4a064f9f432c5943c07a,true,2023-05-23 16:30:48.661000 UTC,2024-06-11 13:57:06.928000 UTC
ITSM-32410,Databricks GCP,DATABRICKS INC,Pago,OR-48668,OR-40269,,ATIVO,true,HOMOLOGADO,6049b09a311780e2e71a2801c5f7e6898e72b65925a17e38153a24d1e38443e4,true,2023-05-23 16:30:47.231000 UTC,2024-06-28 18:33:54.573000 UTC
ITSM-32358,ADP Web,ORACLE DO BRASIL SISTEMAS LTDA,Pago,OR-48674,OR-22504,,ATIVO,true,HOMOLOGADO,741a2e0583ae2943e9e1b100c31d99a966750537708ca2fe2d6320edc4960d32,true,2023-05-23 16:30:46.094000 UTC,2024-06-11 13:57:05.329000 UTC
ITSM-50115,Asana,,Pago,OR-48674,OR-22957,,ATIVO,false,HOMOLOGADO,4f4724bf28e5a0ee03017d69212657fa670e0153b4e6c7f754fc8cff6713a5f5,true,2024-04-25 02:36:54.402000 UTC,2024-06-28 18:33:54.028000 UTC
ITSM-40322,BlueCanvas,,Pago,OR-48674,OR-22765,,ATIVO,false,HOMOLOGADO,a7f11ab336cf2f207c7869e6634356300cde9546ba2ad5c5273e23b685ce227f,true,2023-12-11 14:55:17.605000 UTC,2024-04-25 02:37:00.902000 UTC
ITSM-32387,CRM Salesforce,SALESFORCE TECNOLOGIA LTDA,Pago,OR-48674,OR-21998,,ATIVO,true,HOMOLOGADO,0daf232afbc8fa22df5c36fe05e0a4add98c4a7d3d06a21198ee0089ce7fa4b0,true,2023-05-23 16:30:46.724000 UTC,2024-06-28 18:33:54.393000 UTC
ITSM-50117,Engagers,,Pago,OR-48674,OR-22957,,ATIVO,false,HOMOLOGADO,0d19c557e35284dbe2e0b1e60e31cc85f0ed1a709fdee349c0f5e947b98f98f1,true,2024-04-25 02:36:55.820000 UTC,2024-06-28 18:33:54.646000 UTC
ITSM-50118,Glassdor/Indeed,,Pago,OR-48674,OR-22957,,ATIVO,false,HOMOLOGADO,193504dfa9a8bf80f19cdcc59d4b84f3c78c746b427e2f2bf3fdf25ea09f9e37,true,2024-04-25 02:36:56.331000 UTC,2024-06-28 18:33:54.825000 UTC
ITSM-32478,KPIS,KPIS - KEY PEOPLE INSIGHTS TECNOLOGIA DA INFORMACAO LTDA,Pago,OR-48674,OR-22957,,ATIVO,true,HOMOLOGADO,8b48b4a2eae879b7d9854bd98d9a2250b49d937df74f367cf7cbdff8b973dcbc,true,2023-05-23 16:30:48.651000 UTC,2024-06-11 13:57:07.046000 UTC
ITSM-32490,Lever,LEVER INC,Pago,OR-48674,OR-22957,,ATIVO,true,HOMOLOGADO,9d7fa44c46ea94b0e433dc8cf4b3281e6d8ad15aa164c145d4899b03e33262d9,true,2023-05-23 16:30:48.903000 UTC,2024-06-11 13:57:07.170000 UTC
ITSM-50119,PBCS - Oracle,,Pago,OR-48674,OR-22957,,ATIVO,false,HOMOLOGADO,6b3102c17892e41175a742bd4179f77bf82853e0f41254f7b57a3d01301f14f8,true,2024-04-25 02:36:58.181000 UTC,2024-06-28 18:33:56.289000 UTC
ITSM-32539,Pulses,PULSES SERVICOS DIGITAIS LTDA,Pago,OR-48674,OR-21942,,ATIVO,true,HOMOLOGADO,7fb52e2bc193fcfab142bab5b2ec785a46fbaea680fff05da35b12a2c3f51a62,true,2023-05-23 16:30:49.886000 UTC,2024-06-28 18:33:56.339000 UTC
ITSM-32544,Qulture Rocks,QULTURE INFORMATICA LTDA,Pago,OR-48674,OR-22262,,ATIVO,true,HOMOLOGADO,7184d9d8b8f0096f6dd3ad58143c686671fcee1eef0f05646df139dd43a8424e,true,2023-05-23 16:30:49.982000 UTC,2024-06-11 13:57:07.554000 UTC
ITSM-32547,Recruiter LK,LINKEDIN IRELAND UNLIMITED COMPANY,Pago,OR-48674,OR-21942,,ATIVO,true,HOMOLOGADO,09011331cf373e136a1941342a09f49e2a7f586f1b9752605bf4ffc0ad20e134,true,2023-05-23 16:30:50.039000 UTC,2024-06-28 18:33:56.389000 UTC
ITSM-41565,Salary Review - SBM Technology,,Pago,OR-48674,OR-22957,,ATIVO,false,HOMOLOGADO,d7f776e70a1482c131bd2a5f7de83e318cae9c4877f0975b2f7a87cff08eb5a5,true,2024-03-14 19:55:01.733000 UTC,2024-04-25 02:37:03.396000 UTC
ITSM-32550,SAP,,Pago,OR-48674,OR-27644,,ATIVO,true,HOMOLOGADO,becc8a7ae1832ddfd14c02c8908757e9b221542d317290f1664185dcf917cb29,true,2023-05-23 16:30:50.099000 UTC,2024-06-03 13:58:09.060000 UTC
ITSM-50120,Spark,,Pago,OR-48674,OR-22957,,ATIVO,false,HOMOLOGADO,c2e27b8b15d48a63a03dc88189a010aa1405d7f68dda33cf8262e3b16919dc33,true,2024-04-25 02:36:58.960000 UTC,2024-06-28 18:33:56.739000 UTC
ITSM-50121,Together,,Pago,OR-48674,OR-22957,,ATIVO,false,HOMOLOGADO,9874a7d8844ed876c25014867eac871ca12c26f6de52b7c8f88ffb6b4afdd6fa,true,2024-04-25 02:36:59.147000 UTC,2024-06-28 18:33:56.838000 UTC
ITSM-32509,Netlex,NETLEX TECNOLOGIA LTDA,Pago,OR-48675,OR-22611,,ATIVO,true,HOMOLOGADO,31ba6eec4bedc6137a342d714a19efdf8f574a6c30512960228d2609690429d5,true,2023-05-23 16:30:49.273000 UTC,2024-06-11 13:57:07.436000 UTC
ITSM-32561,Sentry,,Pago,OR-48685,OR-22590,,ATIVO,true,HOMOLOGADO,68d4aa17ac9bbeed4edb699ae2caf53308f7a1af887c28e84045a1d13ea4173d,true,2023-05-23 16:30:50.344000 UTC,2025-10-29 18:08:39.144000 UTC
ITSM-32568,Sonarqube,,Pago,OR-48685,OR-22590,,ATIVO,true,HOMOLOGADO,2713b614434c87de126bcdac1f87c65c2a6c6dcedb0278b0e0ea06346e2d8cfd,true,2023-05-23 16:30:50.482000 UTC,2025-10-29 18:08:39.342000 UTC
ITSM-41614,Arnica - ASPM (Application Security Posture Management),,Pago,OR-48686,OR-28229,[APR][IAM] Arnica,ATIVO,false,HOMOLOGADO,be478020ba840143459762549ef522bf148cd019a686d102892db027038e0795,true,2024-03-19 18:20:46.892000 UTC,2024-06-03 20:50:34.801000 UTC
ITSM-32395,Chronicle,,Pago,OR-48686,OR-22741,[APR][IAM] Chronicle,ATIVO,true,HOMOLOGADO,73ca1c05ba567650a7955c4329e227b7114ae65a72c4f685e558fa17d1fb47f4,true,2023-05-23 16:30:46.911000 UTC,2024-06-11 13:57:05.863000 UTC
ITSM-41563,EDR Crowdstrike,,Pago,OR-48686,OR-22741,,ATIVO,false,HOMOLOGADO,a3d71e0f3491d604f72abd30f12261cf867d15c555ddf325b394ab0c14ea4159,true,2024-03-14 19:41:52.520000 UTC,2024-04-25 02:37:01.279000 UTC
ITSM-32457,Hotjar,HOTJAR LTD,Pago,OR-48686,OR-22741,[APR][IAM] Hotjar,ATIVO,true,HOMOLOGADO,e9ce0a14692fbc6227d0ab3cdafa844449eb271213077a5590c1d9e26d181bf4,true,2023-05-23 16:30:48.227000 UTC,2024-06-11 13:57:06.498000 UTC
ITSM-32485,Knowbe4,EL PESCADOR SOFTWARES LTDA,Pago,OR-48686,OR-22218,,ATIVO,true,HOMOLOGADO,5b71928032119ffdd6096008a0dce0f554ed03df7203f68b6855ebd9fddc2f4d,true,2023-05-23 16:30:48.783000 UTC,2024-06-11 19:24:08.652000 UTC
ITSM-32510,Netskope,Netskope,Pago,OR-48686,OR-21969,,ATIVO,true,HOMOLOGADO,7999c5c651ae16bc163c4acc1084f028d85172b256495c0c1ae1a7aaa501c86c,true,2023-05-23 16:30:49.295000 UTC,2024-05-27 18:23:09.353000 UTC
ITSM-59985,Gitbook,,Pago,OR-48716,OR-22065,,ATIVO,false,HOMOLOGADO,8b93ca4c28887686f17d898d0a655b8e1ff619d5ec35a3391377d65f41c90a81,true,2024-10-01 18:11:54.770000 UTC,2024-10-02 12:04:55.399000 UTC
ITSM-63056,Avaliação do fornecedor PhishX,,Pago,OR-48752,OR-30917,,ATIVO,false,HOMOLOGADO,a1d71389e6836763ca4980fe8052a68ae5b2d18ab468eef161d23eb2eb26be1b,true,2024-11-04 17:58:55.828000 UTC,2024-11-04 18:51:13.275000 UTC
ITSM-32413,Desko,INVENTSYS DESENVOLVIMENTO E LICENCIAMENTO DE SOFTWARE E SISTEMAS LTDA,Pago,OR-48771,OR-22234,,ATIVO,true,HOMOLOGADO,ec8097885ffd249148a14ecb0e44cde60b44e045fca804056d821426c2cf33db,true,2023-05-23 16:30:47.284000 UTC,2024-06-11 19:24:07.871000 UTC
ITSM-36944,Plataforma de Viagens - Onfly,,Pago,OR-48771,OR-22234,,ATIVO,false,HOMOLOGADO,bf45795965ebfa9710db2c771e123bfc733a8d1f80b798753dbae85769285d5a,true,2023-07-04 15:04:57.304000 UTC,2024-04-25 02:37:03.109000 UTC
ITSM-32365,Adobe Professional,,Pago,OR-48794,OR-22451,,ATIVO,true,HOMOLOGADO,b534a7d6a1cfbc22eab4b8f8d6e2259f8cc56916aa9973857471c56e0462154a,true,2023-05-23 16:30:46.252000 UTC,2024-04-25 02:37:00.449000 UTC
ITSM-32401,Confluence,,Pago,OR-48794,OR-22451,[APR][IAM] Confluence,ATIVO,true,HOMOLOGADO,9ae79b9e3676dbf2082870d1d2e981af59bee7d25b2adb7f905e537634d89326,true,2023-05-23 16:30:47.017000 UTC,2024-06-11 13:57:06.192000 UTC
ITSM-32433,G.Suite,Santo Digital,Pago,OR-48794,OR-22451,,ATIVO,true,HOMOLOGADO,ceb200a21a3febf926f0366d98fbd022a60058628f184b230bbeb554e6e5af9f,true,2023-05-23 16:30:47.729000 UTC,2024-06-11 19:24:08.062000 UTC
ITSM-32449,Google Workspaces,,Pago,OR-48794,OR-22451,,ATIVO,true,HOMOLOGADO,74aad9d2344298ab45cba902882d204ade5319131185eb07e817a967d08d679e,true,2023-05-23 16:30:48.065000 UTC,2024-06-11 19:24:08.406000 UTC
ITSM-32461,IBM MaaS360,MOBI ALL TECNOLOGIA SA,Pago,OR-48794,OR-22451,,ATIVO,true,HOMOLOGADO,6a3bbe679943a899f5e610d2711f29848000421e81c42285ca780b4d986d5fa5,true,2023-05-23 16:30:48.320000 UTC,2024-06-28 18:33:55.066000 UTC
ITSM-51819,JIRA Product Discovery,MLV PRODUTOS E SERVIÇOS EM TECNOLOGIA DA INFORMAÇÃO LTDA,Pago,OR-48794,OR-22451,[CONFLUENCE] Acesso Geral ao Confluence,ATIVO,true,HOMOLOGADO,7834ca5da48ee40c4272dd8d9d3dd85b395504e0a4cc4c1c658b4e8f0400d339,true,2024-06-03 15:13:18.029000 UTC,2024-06-11 13:57:06.646000 UTC
ITSM-32467,JIRA Service Management,MLV PRODUTOS E SERVIÇOS EM TECNOLOGIA DA INFORMAÇÃO LTDA,Pago,OR-48794,OR-22451,[CONFLUENCE] Acesso Geral ao Confluence,ATIVO,true,HOMOLOGADO,2336a56d1658b7d6cfad68e4922cb633870d64a0fa2a233c93fde686b407d88e,true,2023-05-23 16:30:48.432000 UTC,2024-06-11 13:57:06.799000 UTC
ITSM-32468,JIRA Software,MLV PRODUTOS E SERVIÇOS EM TECNOLOGIA DA INFORMAÇÃO LTDA,Pago,OR-48794,OR-22451,,ATIVO,true,HOMOLOGADO,c5b178cc6219620650c5e8037804a5e1024b442ad8de910825eec4f79763a44d,true,2023-05-23 16:30:48.450000 UTC,2024-06-11 13:57:06.864000 UTC
ITSM-32475,JumpCloud,Jumpcloud,Pago,OR-48794,OR-22451,,ATIVO,true,HOMOLOGADO,1b2271002dbe719c0b246b2b1cb1651be21a36cb2bdec27fa5c6930c7352cab8,true,2023-05-23 16:30:48.578000 UTC,2024-06-11 19:24:08.602000 UTC
ITSM-32474,JumpCloud Protect,,Pago,OR-48794,OR-22451,,ATIVO,true,HOMOLOGADO,f2d517f964113508921116c9a42766b2968d6f6f0a034563d01dca5de3f39ae4,true,2023-05-23 16:30:48.568000 UTC,2024-04-25 02:37:02.019000 UTC
ITSM-32499,Microsoft Project,Microsoft,Pago,OR-48794,OR-22451,,ATIVO,true,HOMOLOGADO,5c718a6448c19c70497b53d158bb3a11eeb4fba5031b61573674ea98e8aa76a8,true,2023-05-23 16:30:49.073000 UTC,2024-04-25 02:37:02.609000 UTC
ITSM-32501,Miro,,Pago,OR-48794,OR-22451,[APR][IAM] Miro,ATIVO,true,HOMOLOGADO,a11393ec443672e5a30b10b8ea5bddeac65865c37915c9f726c65e30ebce42e6,true,2023-05-23 16:30:49.111000 UTC,2024-06-03 20:31:07.526000 UTC
ITSM-32517,Office 365,Microsoft,Pago,OR-48794,OR-22451,[APR][IAM] Office,ATIVO,true,HOMOLOGADO,3c729eff8b746135b2e5d1c9eea09ccf6981b037c20a33ad046ec242e837e10c,true,2023-05-23 16:30:49.435000 UTC,2024-06-04 02:04:25.772000 UTC
ITSM-32519,Opsgenie,,Pago,OR-48794,OR-22451,,ATIVO,true,HOMOLOGADO,d15d5b984f0c6733e15323a1ca1dff232f4ab8f7d320be6626f62c28efb8d3be,true,2023-05-23 16:30:49.483000 UTC,2024-06-28 18:33:56.245000 UTC
ITSM-38326,Password Manager,JumpCloud,Pago,OR-48794,OR-22451,,ATIVO,true,HOMOLOGADO,70c9495c5f2fd0a433649ed12cee5d02d6e59a7b31aebe26431fde0d8c3de2ea,true,2023-08-18 17:00:57.802000 UTC,2024-04-25 02:37:03.070000 UTC
ITSM-32566,Slack,Slack Technologies Limited,Pago,OR-48794,OR-22451,[APR][IAM] Slack,ATIVO,true,HOMOLOGADO,2a74f5a97f86acc6d07882a152fb33611f90a16e5fce56a04a469f0fa34f0158,true,2023-05-23 16:30:50.435000 UTC,2024-06-11 19:24:09.105000 UTC
ITSM-32573,StatusPage,MLV PRODUTOS E SERVIÇOS EM TECNOLOGIA DA INFORMAÇÃO LTDA,Pago,OR-48794,OR-22451,,ATIVO,true,HOMOLOGADO,9bb92da10713eb551d53e04dec27d19a2dfcecb8f4aa246590de61c64a2bf30e,true,2023-05-23 16:30:50.593000 UTC,2024-06-11 13:57:07.842000 UTC
ITSM-32578,Teamviewer,Teamviewer,Pago,OR-48794,OR-22451,,ATIVO,true,HOMOLOGADO,a397a173613c9c1f4d8f6c27e0061a79fdd666084fca6054af7a8f68e7986019,true,2023-05-23 16:30:50.713000 UTC,2024-04-25 02:37:03.735000 UTC
ITSM-32609,Zapier,Zapier inc,Pago,OR-48794,OR-22451,,ATIVO,true,HOMOLOGADO,03b9ab3a2fe89105672f2d6c9f5937a6bc014114bcb3f620c3763c6d3b1dd18e,true,2023-05-23 16:30:51.424000 UTC,2025-01-21 13:56:28.304000 UTC
ITSM-32405,Crunchbase,,Pago,OR-48800,OR-22956,,ATIVO,true,HOMOLOGADO,182b40317c3a1d834997e7b24d3b53f90982e4ea95532fdcf60a0842cefe9902,true,2023-05-23 16:30:47.110000 UTC,2024-04-25 02:37:01.114000 UTC
ITSM-32558,Securiti ai,,Pago,OR-48818,OR-22285,,ATIVO,true,HOMOLOGADO,2b25e6006d0015b93417afc175731e6f5b7d7a16a676ea3fa8084ab5a0dccf46,true,2023-05-23 16:30:50.265000 UTC,2024-06-11 13:57:07.676000 UTC
ITSM-134376,Incident.io,Incident.io,Pago,OR-48828,OR-22532,SRE,ATIVO,true,HOMOLOGADO,a20547bace512f2c562e2f03507e7715eeeb203d45cb8d5e70dd498781eca7b2,true,2025-11-06 17:31:23.580000 UTC,2025-11-06 17:31:23.580000 UTC
ITSM-51935,Traceable,,Pago,OR-48838,OR-28229,[APR][IAM] Treceable,ATIVO,false,HOMOLOGADO,89f7e0b8d2dbb80315c496cf07637beecc44bfb3e1e3b47700ac6c4924343335,true,2024-06-05 19:43:19.928000 UTC,2024-06-11 14:02:31.365000 UTC
ITSM-81893,Birdie,,Pago,OR-48846,OR-22297,,ATIVO,false,HOMOLOGADO,42e8c3ee56f2cfdd6ce45e07ca54f072458ec8976f5920ebdde7be1916f29e87,true,2025-01-09 23:13:23.128000 UTC,2025-01-15 18:26:41.824000 UTC
ITSM-38370,CallWe,,Pago,OR-48846,OR-22297,,ATIVO,false,HOMOLOGADO,2f68500fd1d5936d2126a29f402129f425b5ed4d274970ba4250dea99678cacf,true,2023-08-23 16:05:46.495000 UTC,2024-06-11 13:57:05.677000 UTC
ITSM-51810,Crowdstrike,,Pago,OR-48851,OR-22741,[APR][IAM] CrowdStrike,ATIVO,false,HOMOLOGADO,66568eaf5cc0baad11488c6694acee6bf25b15866e83a9577b07fb8c462f7b40,true,2024-06-03 14:05:03.139000 UTC,2024-06-03 14:05:03.139000 UTC
ITSM-32402,Contmatic Phoenix,,Pago,OR-48902,OR-27644,,ATIVO,true,HOMOLOGADO,3cae651b36c41f4b59bc36dac89d07920f1eb817149035df466b87ce52f30868,true,2023-05-23 16:30:47.044000 UTC,2024-06-11 13:57:06.260000 UTC
ITSM-32585,Unecont,,Pago,OR-48902,OR-27644,,ATIVO,true,HOMOLOGADO,198615ec0d6685fe18201df7e707a4ec9c76cf2ba239ce8e027452b8e94a528b,true,2023-05-23 16:30:50.859000 UTC,2024-04-25 02:37:03.867000 UTC
ITSM-60228,Apura BTT NG,,Pago,OR-52872,OR-56074,,ATIVO,false,HOMOLOGADO,abfe3a07fe4e0e70aca09045bff900ffae17120822b37020ce7b9746d0b9a252,true,2024-10-09 18:44:50.125000 UTC,2024-10-23 14:00:02.781000 UTC
ITSM-137170,Perplexity Enterprise,,,OR-129766,OR-36966,,ATIVO,false,,38900ec6e4e42653366d7c60d4deafcab5674d58f65a8f465c852520f1c81dbf,true,2026-02-12 18:39:52.060000 UTC,2026-02-12 18:39:52.060000 UTC
ITSM-137169,Perplexity Enterprise,,,,,,,false,HOMOLOGADO,e97a69656f62ee9de1178606158d8bbfbce2b46289dff412c49f655756f6c402,true,2026-02-12 18:39:48.385000 UTC,2026-02-12 18:39:48.385000 UTC